47.51	8.51
50.46	6.06
57.03	9.56
48.5	10.06
47.23	8.03
47.03	7.17
47.19	7.54
56.1	10.13
49.15	10.58
48.49	11.51
57.08	-2.06
5.19	-4.02
32.28	-99.43
24.28	54.25
16.5	-99.55
5.33	0.15
48.38	8.04
52.04	10.36
37	35.19
9.02	38.47
-34.56	138.36
49.24	9.24
12.46	45.01
50.23	6.56
47.19	8.31
50.45	12.53
47.17	8.27
17	7.56
30.3	-9.4
45.59	8.51
52.04	7
51.45	7.55
23	72.4
53.41	10.15
48.28	11.08
48.38	9.16
46.19	6.58
51.51	12.03
41.05	81.31
65.41	-18.04
20.09	92.55
30.59	31.1
31.34	-84.09
42.39	-73.45
48.15	9.01
35.05	-106.39
36.14	37.1
31.13	29.55
31.18	-92.27
38.48	-77.03
51.59	9.5
36.47	3.03
50.3	8.11
40.36	-75.28
48.41	15.19
47.33	7.32
51.24	11.23
25.26	49.37
48.2	8.25
50.53	6.1
50.45	9.16
51.42	11.4
49.23	11.21
51.18	7.4
51.48	10.27
50.46	13.46
50.59	12.27
49.27	7.19
48.35	8.36
53.41	13.15
48.04	13.02
52.34	13.44
40.31	-78.24
48.14	12.41
47.23	9.32
50.05	9.04
49.45	8.07
38.45	-9.13
35.12	-101.5
-1.18	-78.39
48.04	10.41
31.57	35.56
50.02	8.16
49.39	9.13
47.32	9.18
52.23	4.54
48.07	14.52
33.5	-117.55
61.13	-149.53
50.26	7.24
42.3	1.3
15.09	120.33
53.02	14
39.56	32.52
53.52	13.42
42.17	-83.45
36.55	7.47
50.34	13
51.44	13.02
38.59	-76.3
49.12	7.58
49.17	10.34
48.12	14.17
-18.52	47.3
-23.39	-70.24
-19.51	47.01
-12.25	49.2
51.13	4.25
52.13	5.57
-13.5	-171.44
51.01	11.3
47.31	9.26
52.52	11.29
-16.24	-71.33
36.52	10.12
-18.3	-70.2
38.53	-77.07
52.4	12
54.38	9.55
51.23	8.04
50.5	10.57
49.24	12.44
51.22	11.18
-3.23	36.4
50.04	12.12
49.58	9.09
51.45	11.28
46.09	8.46
35.36	-82.33
15.2	38.58
48.54	9.07
27.14	31.07
50.36	8.28
26.48	-11.41
-25.16	-57.4
17.42	34
37.58	23.43
33.45	-84.24
39.22	-74.26
51.07	7.54
48	13.43
49.33	10.04
46.29	6.24
-36.51	174.45
50.35	12.42
50.31	12.24
49.42	11.38
48.22	10.53
33.28	-81.58
50.49	13.06
47.57	9.38
50.42	11.56
53.28	7.29
30.16	-97.45
46.53	7.03
47.12	8.31
49.58	8.57
32.32	44.25
50.04	7.46
48.57	9.26
10.38	122.58
47.52	12
51.22	9.01
47.36	13.47
52.19	7.1
49.07	7.59
50.54	11.17
51.03	8.24
50.03	11.4
53.05	10.35
51.12	11.35
50.41	11.16
53.55	9.53
50.31	7.16
50.18	9.45
48.04	9.37
50.18	8.16
50.16	10.48
54.06	11.54
51.44	9.01
51.36	12.35
49.28	8.1
51.18	12.04
48.01	8.32
50.17	12.14
50.2	7.43
52.52	9.42
51.21	11.06
52.47	14.02
49.13	9.12
51.52	10.02
50.51	13.57
48.27	8.14
51.49	10.14
48.02	14.12
51.53	10.34
48.48	8.26
50.52	9.42
50.13	8.37
50.38	7.14
50.31	7.19
52.09	8.03
47.43	13.37
51.38	9.27
50.12	10.05
49.45	9.01
50.18	10.29
51.08	11.43
50.56	12.01
49.5	7.52
50.56	8.24
51.06	10.39
51.23	11.51
51.09	12.38
51.39	10.28
48.32	14.18
50.49	10.22
51.31	13.24
48.46	8.44
51.47	8.49
50.39	7.57
49.3	9.46
52.12	9.28
49.49	7.51
50.33	6.46
51.33	14.43
50.22	8.45
52.2	9.22
50.33	7.06
50.2	10.13
52.12	8.48
53.49	10.23
50.13	9.21
51.59	9.15
46.41	15.59
49.14	9.06
47.44	12.53
50.2	10.47
51.36	10.33
47.33	7.57
52.03	10
52.05	8.46
50.49	10.14
46.57	14.47
48.01	9.3
50.55	14.09
51.41	12.44
48.01	9.39
50.08	8.04
53.55	10.42
53.56	10.19
49.48	7.39
50.08	8.3
50.17	9.22
51.17	9.59
50.06	10.59
51.05	11.36
54.08	12.4
48.42	8.41
51.09	10.5
47.46	11.34
48.3	9.24
50.11	8.45
47.58	16.12
47.55	9.46
48.45	8.33
51.07	9.07
52.57	11.57
49.14	9.1
49.3	10.25
48.01	10.36
51.31	8.42
47.54	9.54
53.1	8.01
47.28	8.18
48.01	16.14
48.45	8.15
50.54	6.11
33.21	44.25
-38.45	-62.15
48.58	11.45
35.22	-119.01
31.28	54.54
40.23	49.51
48.17	8.51
51.43	11.14
39.17	-76.37
51.2	7.52
12.4	-7.59
49.52	10.52
4.56	114.58
-6.57	107.34
12.58	77.35
13.45	100.31
44.48	-68.46
4.23	18.37
13.28	-16.39
51.58	11.53
41.23	2.11
10.08	-64.43
53.44	10.16
41.07	16.52
53.47	9.46
49.49	12.26
47.02	15.51
51.59	9.07
10.03	-69.18
10.59	-74.48
38.4	-9.05
52.18	9.27
54.22	12.44
52.03	13.3
47.34	7.36
30.3	47.5
16.46	94.45
17.17	-62.43
52.51	8.44
1.51	9.46
30.27	-91.11
51.01	8.39
49.37	7.2
49.59	10.51
51.15	9.25
51.11	14.26
49.57	11.35
30.05	-94.06
50.58	9.48
51.45	8.03
51.46	6.11
52.14	12.58
49.34	8.58
31.15	34.47
52.1	14.15
39.56	116.24
49.02	11.28
49.02	9.19
-19.49	34.52
33.53	35.3
-1.27	-48.29
54.36	-5.56
51.12	14.34
17.3	-88.12
46.12	9.01
17.13	-88.48
-19.54	-43.54
52.08	12.36
50.26	7.34
32.07	20.04
51.4	10.43
49.41	8.37
44.5	20.3
10.28	45.02
49.06	11.27
50.45	12.1
52.53	10.58
60.23	5.2
54.25	13.26
51.25	6.41
50.59	7.08
51.38	7.38
51.02	7.39
51.03	10.23
52.31	13.24
46.55	7.28
52.4	13.35
51.48	11.44
47	15.31
49.55	7.04
50.46	12.4
51.03	14.51
52.33	7.56
48.59	9.08
40.37	-75.23
50.47	7.53
49.41	11.25
51.4	9.22
49.2	7.16
48.06	9.48
50.55	8.32
46.27	8.12
52.02	8.32
52.46	13.38
48.58	9.08
43.15	-2.56
51.53	9.02
45.47	-108.3
30.24	-88.53
49.58	7.54
42.06	-75.55
47.32	7.34
49.39	7.11
33.31	-86.49
52.29	-1.53
47.33	7.37
50.24	10.01
47.25	13.13
51.07	14.11
46.48	-100.47
52.4	11.34
11.52	-15.39
49.58	6.32
51.37	12.19
37.18	9.52
51.47	10.57
50.51	11.21
-15.46	35
48.24	9.47
53.18	10.44
46.35	14.48
51.26	10.35
36.3	2.5
49.14	7.15
51.07	7.43
47.09	9.49
47.5	8.32
32.05	34.52
7.58	-11.45
48.16	10.5
48.41	9.01
11.11	-4.18
51.5	6.36
51.29	7.13
52.01	10.08
51.58	9.31
4.36	-74.05
48.55	12.41
51.11	12.52
43.37	-116.12
53.23	10.43
44.3	11.2
18.58	72.5
50.44	7.06
47.5	9.06
49.02	9.06
48.51	10.21
50.05	7.42
57.44	12.55
44.5	0.34
51.34	9.15
52.06	8.18
51.03	9.17
51.51	6.52
53.35	6.4
50.52	12.54
51.04	7.05
42.21	-71.03
51.31	6.55
46.57	6.5
40.01	-105.17
50.43	1.37
45.56	7.13
49.29	9.38
46.31	11.22
49.05	9.04
53.48	-1.45
41.32	-8.26
45.17	27.58
53	8.24
51.43	9.11
52.27	7.21
52.24	12.3
50.52	13.2
51.2	12.36
-15.47	-47.55
48.1	17.1
50.17	7.4
48.16	13.02
50.31	8.24
51.44	10.37
47.56	8.27
51.18	11.54
52.16	10.32
-4.14	15.14
51.16	7.28
54.37	8.59
47.3	9.46
51.33	12.13
48.02	7.35
53.05	8.5
53.33	8.35
53.29	9.08
46.59	7.27
51.05	17
49.02	8.42
49.48	9.04
41.11	-73.11
13.06	-59.37
46.19	7.59
51.24	8.35
-27.3	153.01
51.27	-2.35
49.13	16.4
53.16	18
50.5	10.26
25.54	-97.3
50.11	8.55
49.08	8.35
52.12	12.46
48.01	16.46
47.25	15.17
53.44	11.43
47.29	8.12
51.13	3.14
51.16	6.41
53.54	9.09
50.5	4.2
53.24	14.08
7.42	-5
7.08	-73.1
47.44	9.54
53.2	9.52
48.02	10.44
47.1	9.28
52.16	9.03
51.46	13.54
47.3	19.05
54.19	9.41
50.18	9.07
-34.36	-58.27
42.53	-78.52
47.37	8.28
-3.22	29.19
44.26	26.06
-2.3	28.5
47.31	8.32
-20.1	28.43
46.37	7.04
52.12	8.35
26.2	43.59
51.59	7.02
47.08	7.22
51.25	12
53.3	13.19
42.3	27.29
48.26	10.24
49.27	10.19
52.04	10.33
47.03	7.37
50.57	11.45
48.26	11.4
50.08	11.15
49.12	12.02
50.55	12.49
52.3	9.52
48.17	9.07
44.29	-73.13
40.12	29.04
51.06	7.07
49.39	8.28
-2.35	29.44
46	-112.32
51.04	11.21
51.07	11.25
50.26	8.41
53.51	11.59
53.27	9.42
8.29	124.4
51.45	13.56
52.39	11.24
22.32	88.22
51.03	-114.05
3.27	-76.31
-12.05	-77.08
14.38	120.58
48.43	8.44
11.54	109.14
21.25	-77.55
51.03	11.42
39.57	-75.07
-35.2	149.1
40.48	-81.23
19.47	-72.17
10.3	-66.55
51.29	-3.1
46.11	6.08
10.24	-75.33
33.36	-7.37
42.51	-106.19
46	8.57
14.01	-60.59
51.33	7.19
37.31	15.04
4.56	-52.2
10.17	123.56
41.58	-91.4
52.37	10.05
49.14	12.4
47.11	8.28
40.07	-88.15
35.31	24.01
50	36.15
50.25	4.27
32.47	-79.56
38.21	-81.38
35.13	-80.51
38.02	-78.3
46.32	6.54
35.03	-85.19
50.5	12.55
30.37	104.06
41.08	-104.49
18.48	98.59
23.09	120.11
41.52	-87.38
-6.47	-79.47
28.38	-106.05
-36.37	-72.1
-9.04	-78.34
-12.31	27.53
22.2	91.48
-18	31.06
13.15	-87.1
13.24	100.59
41.5	129.55
29.3	106.35
48.02	114.32
-43.35	172.36
24.55	121.08
46.51	9.3
39.06	-84.31
39.34	-83.02
8.22	-62.37
31.42	-106.29
36.32	-87.21
51.48	10.2
41.3	-81.42
51.13	10.56
52.51	8.02
50.16	10.58
-17.24	-66.09
50.08	7.09
51.53	11.25
51.56	7.09
40.12	-8.25
51.08	12.49
6.56	79.51
9.21	-79.54
38.5	-104.49
38.57	-92.2
34	-81.02
32.28	-84.59
39.58	-83
9.31	-13.43
-36.5	-73.03
-23.22	-57.26
43.12	-71.32
36.22	6.4
46.14	7.18
46.17	7.2
-31.24	-64.11
51.54	-8.28
18.23	-88.23
27.48	-97.24
46.37	6.31
51.53	12.27
51.08	13.35
6.24	2.31
51.46	14.2
49.09	10.05
44.18	23.47
49.28	10.02
49.51	11.37
51.03	10.15
50.49	12.23
53.35	11.39
7.55	-72.31
46.57	7.01
-2.54	-79
46.29	6.44
-25.25	-49.15
53.53	8.42
-13.32	-71.57
16.04	108.14
48.16	11.26
23.5	-15.33
51.22	13
51.52	13.26
49.09	7.47
14.4	-17.26
32.47	-96.48
6.56	-6.28
33.3	36.18
26.25	50.06
52.31	8.12
41.24	-73.28
16.59	-88.13
53.09	8.59
54.2	18.4
46.29	109.24
51.58	10.5
-6.48	39.17
53.54	12.51
49.52	8.39
51.48	9.41
53.55	10.59
51.4	7.23
50.12	6.5
7.04	125.36
8.26	-82.26
46.49	9.5
39.46	-84.12
29.13	-81.01
47.3	21.37
48.5	12.58
6.52	79.52
49.25	8.11
35.2	40.05
51.46	8.34
47.22	7.2
51.32	12.21
53.03	8.37
53.54	13.02
52.04	4.19
39.45	-104.59
51.52	10.54
41.35	-93.37
51.05	12.15
51.56	8.53
42.2	-83.03
49.48	10.11
48.18	16.34
46.49	15.13
23.43	90.25
32.14	76.18
49.54	8.51
51.28	8.58
52.36	8.22
50.33	7.4
47.42	8.45
48.13	10.04
48.57	10.56
47.25	8.24
50.01	8.47
50.22	8.01
49.32	5.53
50.44	8.17
49.21	6.44
48.34	10.29
51.19	10.19
48.38	12.3
49.04	10.19
52.39	8.07
51.34	6.44
50.53	13.4
52.07	8.12
48.5	9.04
33.52	10.51
51.07	13.07
51.37	13.34
51.37	14.36
-6.1	35.4
25.15	51.36
50.57	13.52
53.08	11.15
51.39	12.53
47.57	8.3
48.42	10.48
47.22	15.04
48	37.48
48.41	9.49
47.46	12.12
51.06	6.5
47.25	9.44
51.01	11.4
48.21	8.3
48.27	8.3
51.4	6.58
51.31	7.27
4.04	9.43
59.45	10.15
51.3	9.46
51.39	14.13
50	8.42
51.48	7.45
51.03	13.45
51.01	7.46
48.52	15.38
11.3	45.05
21.3	39.1
25.14	55.17
47.24	8.37
53.2	-6.15
51.31	10.16
49.28	6.05
51.26	6.45
51.5	7.16
46.47	-92.06
-45.52	170.3
-29.53	31
50.47	6.28
36	-78.55
48.23	15.31
41.18	19.28
51.13	6.46
51.17	10.44
47.52	16.22
49.18	9.49
49.47	11.11
50.05	10.48
51.14	13.39
48.43	9.32
48.05	11.58
52.5	13.5
47.05	8.2
47.57	16.24
46.38	6.38
51.07	11.33
54.28	9.5
49.18	8.07
55.57	-3.12
53.33	-113.28
46.18	100.35
48.19	14.01
51.57	11.26
48.38	15.49
48.24	12.46
53.41	14.05
47.34	8.33
48.28	8.57
50.39	12.57
49.44	10
50.31	12.36
48.38	12.06
51.28	12.37
51.49	9.52
51.26	5.3
47.07	8.45
50.59	10.19
49.34	8.04
50.58	11.54
47.32	14.53
52.09	14.39
47.51	16.31
50.25	10.55
52.09	11.13
48.42	9.42
27.1	-13.11
31.46	-106.29
51.46	10.48
47.3	8.52
40.4	-74.13
49.04	10.58
51.35	10.39
47.59	9.56
31.03	31.23
42.06	-76.48
53.45	9.39
13.11	30.1
53.14	8.28
56.03	12.38
51.33	13.09
51.27	13.32
51.13	14.09
50.35	12.52
49.58	10.4
50.02	8.07
48.11	8.04
52.35	9.45
53.22	7.13
47.05	8.18
48.08	7.51
51.5	6.15
52.11	7.32
-27.2	-55.5
48.15	8.5
50.58	7.27
47.51	8.46
52.08	8.34
51.18	7.21
51.5	8.01
48.12	14.28
52.13	6.55
0.04	32.27
49.24	8.38
49.08	8.55
50.08	8.24
48.2	9.53
50.01	8.05
49.5	12.03
48.18	11.56
50.49	6.46
50.59	11.02
42.07	-80.05
51.05	6.19
52.25	13.45
51.13	6.54
47.02	7.06
49.35	11
49.48	9.1
51.37	8.21
55.28	8.28
49.32	6
50.08	8.33
49.45	11.49
51.41	9.38
51.11	10.04
50.34	6.44
14.18	-90.47
53.39	7.36
0.56	-79.4
52.23	8.37
60.1	24.42
51.27	7.01
48.45	9.18
46.51	6.51
48.15	7.49
48.57	8.24
44.03	-123.05
50.4	6.47
54.08	10.37
37.58	-87.34
64.51	-147.43
31.25	73.09
51.51	13.34
52.34	13.05
51.41	11.16
50.29	12.22
46.52	-96.47
35.03	-78.53
54.28	11.08
46.56	16
48	13.11
47.14	9.36
46.43	14.06
48.48	9.17
51.08	9.25
46.32	14.18
-25.19	-57.36
34.05	-5
49.1	10.2
-21.27	47.05
48.4	9.13
51.38	13.43
48.07	16.36
50.31	10.1
54.47	9.26
43.01	-83.42
50.52	13.04
43.46	11.15
48.15	16.24
50.01	8.26
48.5	11.41
49.17	9.34
51.44	14.38
26.07	-80.08
35.23	-94.25
41.04	-85.08
32.45	-97.2
-3.45	-38.35
14.36	-61.05
-21.07	27.32
51.06	8.56
50.55	13.02
51.04	8.48
49.32	8.21
52.21	14.33
50.07	8.41
54.11	12.53
47.33	8.54
47.5	16.55
50.48	13.33
50.55	6.49
26.3	-78.42
8.29	-13.13
50.55	13.22
48.56	9.12
46.48	7.09
48	7.51
47.12	8.45
47.51	12.59
49.31	8.13
48.24	11.44
48.3	14.3
51.01	13.39
52.29	7.33
36.44	-119.47
49.45	9.2
50.54	7.52
48.26	8.25
51.12	11.46
49.12	11.2
48.48	13.33
48.01	8.56
48.21	10.59
50.21	8.46
47.26	16.03
52.06	14.16
53.41	13.33
50.52	10.34
51.29	9.2
47.39	9.29
54.22	9.05
49.19	7.06
47.1	15.2
52.44	12.35
53.01	7.51
51.08	9.17
51.03	12.33
47.16	15.19
51.28	7.46
26.07	-80.08
35.23	-94.25
41.04	-85.08
32.45	-97.2
33.39	130.21
50.33	9.4
-8.3	179.12
40.08	-7.3
52.18	10.2
52.09	14.4
47.03	16.05
48.11	11.15
52.22	14.04
49.28	10.58
49.19	12.5
48.03	8.12
47.34	10.42
-24.45	25.55
53.42	11.07
48.48	8.2
49	9.46
29.4	-82.2
45.27	28.02
6.01	80.13
48.21	14.25
29.18	-94.48
53.16	-9.03
48.15	9.13
48.21	16.44
16.19	0.09
52.25	9.36
48.08	12.36
52.32	11.22
54.2	8.47
32.54	-96.38
47.3	11.05
53.12	14.23
41.36	-87.2
54.19	13.21
37.06	37.23
49.58	8.02
51.07	10.56
50.26	9.12
-38.1	144.26
53.26	10.22
50.19	11.12
50.06	11.45
53.02	8.46
50.39	11
50.58	6.07
50.43	9.58
48.5	12.23
48.41	11.37
49.59	7.58
50.46	13.47
48.14	9.24
48.57	10.25
48.37	9.51
51.03	12.43
51.31	6.2
50.12	9.11
51.31	7.03
50.22	8.25
50.03	9.42
46.12	6.1
48.24	8.01
51.02	3.42
52.24	12.1
44.24	8.56
6.46	-58.1
52.12	8.03
50.52	12.04
48.58	9.55
48.47	15.4
47.46	16.04
51.38	11.37
47.52	11.28
51.05	12.55
48.48	9.04
48.08	11.22
49.13	8.22
-26.15	28.1
51.44	11.08
48.46	8.2
49.46	8.3
50.13	6.4
49.54	10.21
50.27	9.57
48.25	10.53
51.57	7.01
51.39	8.31
51.19	7.2
50.38	12.56
48.31	15.29
36.06	-5.21
48.37	10.15
50.35	8.39
52.29	10.33
30.01	31.1
51.34	6.58
50.46	8.34
46.26	6.16
55.51	-4.16
50.51	13.47
50.49	12.32
47.06	15.43
54.13	10.16
47.4	15.56
54.5	9.33
53.47	9.25
47.13	12
46.54	13.31
47.51	13.57
53.58	12.43
51.4	6.1
57.43	11.58
-27.59	153.22
53.35	12.05
50.01	11.41
51.58	13.36
52.04	11.5
48.42	9.4
46.11	8.51
56.2	44
51.13	13.04
51.54	10.26
47.18	8.45
50.54	12.26
50.57	10.43
51.32	9.56
54.03	13.04
48.51	13.24
49.39	11.15
51.44	12.27
50.32	11.18
49.43	11.54
48.03	11.58
11.58	-85.59
47.55	-97.03
42.58	-85.4
46.49	6.38
53.01	13.09
47.04	15.27
47.3	-111.17
50.45	9.28
51.27	9.25
49.03	11.22
44.31	-88.01
36.04	-79.47
34.51	-82.24
47.22	8.4
54.06	13.23
48.13	14.51
50.39	12.12
47.11	7.23
51.13	10.57
52.06	7.37
51.05	6.35
53.52	11.11
49.52	8.35
48.14	13.5
51.14	12.43
54.06	13.03
51.41	11.52
51.13	14.37
51.04	13.25
52.05	9.47
52.12	7.02
53.13	6.34
51.56	11.13
51.16	9.47
49.48	8.5
49	9.18
50.35	11.02
51.15	10.5
51.17	13.33
48.12	16.33
49.55	8.3
48.34	14.57
51.35	14
50.53	13.5
48.47	15.24
49.52	8.56
50.36	8.57
51.22	14.29
47.17	8.45
49.36	9.45
49.34	8.1
46.35	7.05
20.4	-103.2
23.07	113.15
19.59	-75.1
14.38	-90.31
-2.1	-79.5
51.57	14.43
51.11	9.22
49.04	8.6
32.06	74.11
30.22	-89.05
51.02	7.33
48.33	10.22
49.17	9.1
51.39	10.59
48.27	10.16
49.06	10.45
47.04	16.2
51.47	11.36
53.48	12.1
51.54	8.23
53.44	13.06
-19.27	29.49
47.41	17.4
48.06	14.33
51.12	7
52.23	4.38
50.39	7.5
50.27	8.03
51.59	11.18
51.21	7.28
53.34	12.33
32.49	34.59
50.45	8.13
48.22	8.48
48.09	16.56
48.02	15.46
51.12	12.34
20.5	106.41
48.32	8.39
51.54	11.03
52.18	11.25
47.17	11.31
51.3	12
50.54	7.45
47.41	13.06
51.07	8.38
49.56	10.53
52.07	7.16
51.12	7.29
35.05	36.4
53.35	10
52.06	9.21
32.17	-64.46
43.14	-79.51
-37.46	175.18
51.4	7.48
50.07	9.54
70.39	23.41
51.44	6.35
37.01	-76.2
50.08	8.55
52.22	9.43
51.25	9.41
21.02	105.51
-17.5	31.03
45.45	126.41
48.41	12.39
46.4	15.22
51.39	9.5
52.47	7.14
9.31	44.02
40.16	-76.53
51.58	8.14
47.02	16.11
50.4	12.41
41.46	-72.41
50.54	13.11
51.38	11.09
52.4	7.29
48.17	8.05
51.41	10.51
50.02	10.3
50.04	8.28
51.24	7.1
51	8.33
48.17	8.1
48.38	13.21
23.08	-82.22
52.49	12.05
52.23	13
48.16	9.29
48.21	8.59
51.51	11.32
54.12	9.06
49.07	11.07
49.25	8.42
50.59	13.52
48.41	10.09
48.52	15.07
51.23	10.08
49.08	9.13
54.22	10.59
51.2	6.58
49.2	10.48
50.38	6.29
48.48	8.51
51.02	8.09
47.53	7.4
51.18	11.13
46.36	-112.02
49.57	12.07
52.14	11
56.05	12.45
60.1	24.58
49.03	11.47
51.23	7.46
52.19	9.45
53.42	9.07
49.26	9.24
50.47	7.17
52.38	13.12
49.38	8.38
34.2	62.12
49.17	9.16
50.41	8.19
48.37	10.11
50.33	9.21
51.24	7.26
50.46	7.57
52.08	8.41
51.26	10.53
50.19	8.07
47.24	9.16
46.38	13.22
46.18	6.14
49.39	6.57
50.58	12.09
51.32	7.13
48.36	8.52
49.14	10.31
51.01	14.45
49.31	11.26
51.36	7.08
52.13	14.07
51.39	10.2
49.33	10.53
48.16	15.41
50.52	6.06
51.12	9.43
52.1	9.15
48.13	9.14
51.39	11.3
48.47	9.56
50.04	8.48
35.57	-80
50.59	8.06
50.25	10.45
51.1	6.56
52.09	9.58
50.18	6.4
19.43	-155.05
49.11	11.11
34.23	132.27
49.33	11.57
50.24	11.49
49.27	8.54
53.09	11.03
-42.55	147.2
50.01	8.21
10.45	106.4
49.42	10.48
48.36	10.33
49.19	8.33
14.5	42.58
47.35	10.38
51.29	9.24
50.05	8.27
50.08	10.32
25.2	49.34
52.4	13.17
50.06	12.14
47.22	9.41
50.43	12.03
51.09	12.05
50.48	12.43
50.59	14.07
50.26	7.4
20.54	-76.15
47.37	16.05
49.56	11.18
32.02	34.47
48.38	9.01
51.49	9.27
50.44	9
50.44	9
49.19	7.2
34.44	37.17
22.17	114.09
-9.28	159.57
70.59	25.59
21.19	-157.52
48.26	8.41
47.16	8.35
48.39	15.39
49.12	7.22
51.59	8.58
47.4	7.57
52.01	10.37
57.07	10.07
52.19	7.35
51.36	7.33
47.01	8.18
41.21	2.06
29.45	-95.22
51.46	9.23
52.48	9.09
51.26	14.15
51.47	11.18
24.48	120.59
-12.44	15.47
51.03	6.13
51.09	7.21
47.55	8.29
50.4	9.46
50.28	8.54
39.49	127.4
38.25	-82.27
34.44	-86.35
50.52	6.52
54.28	9.03
47.07	7.51
17.22	78.26
25.23	68.24
47.09	27.38
7.23	3.56
4.25	-75.2
52.16	7.44
48.22	10.19
43.29	-112.02
49.42	7.18
50.14	8.16
46.46	9.12
48.13	10.06
47.24	8.43
50.41	10.54
10.41	122.33
51.52	10.41
49.1	9.55
51.25	9.3
47.34	10.13
47.14	10.44
37.3	126.38
39.06	-94.25
39.46	-86.1
49.18	9.39
49.59	8.04
48.46	11.26
47.16	11.24
49.41	10.17
4.36	101.02
-3.51	-73.13
35.2	25.12
32.33	35.51
52.16	104.2
52.26	9.51
51.22	7.42
32.41	51.41
33.42	73.1
47.42	10.02
51.5	6.28
41.01	28.58
47.36	8.53
53.55	9.31
38.25	27.1
32.18	-90.11
30.2	-81.4
9.4	80.01
26.53	75.5
-6.1	106.49
34.26	70.28
53.55	13.21
38.34	-92.1
50.56	11.35
46.56	16.09
40.11	44.3
52.3	12.02
40.44	-74.04
31.47	35.13
51.47	12.57
51.41	12.18
53.35	7.54
0.27	33.14
52.58	13.45
57.45	14.1
-26.1	28.02
50.26	12.44
40.2	-78.55
1.29	103.44
50.31	13.06
47.1	14.4
50.56	6.22
29.17	82.1
1.21	103.42
51.59	13.05
51.14	6.37
34.3	69.13
37.59	126.3
50.48	11.35
30.03	31.15
50.14	7.09
49.27	7.45
46.49	8.1
42.17	-85.35
52.39	11.24
50.36	6.46
53.5	9.58
50.38	10.1
51.36	7.4
51.16	14.06
0.2	32.35
51.3	6.32
-5.53	22.26
31.35	65.45
49.05	8.11
47.43	7.4
7.17	80.4
10.23	-9.18
12	8.3
26.27	80.14
39.07	-94.38
39.05	-94.35
14.09	-16.08
47.26	15.18
54.4	9.56
-33.55	18.27
24.52	67.03
50.14	8.45
49	8.23
49.58	9.46
-9.54	35.55
55.45	49
51.19	9.3
50.04	7.27
27.42	85.2
50.15	18.59
50.17	7.57
50.05	7.46
47.53	10.37
41.05	24.55
35.32	139.41
14.26	-11.28
25.08	121.44
-26.36	18.08
48.35	7.49
51.25	11.02
48.55	11.52
50.08	8.27
53.57	9.43
50.04	8.32
51.47	12.38
49.18	11.2
51.22	6.25
47.43	10.19
34.2	-6.34
48.12	7.46
50.52	6.42
52.28	12.51
51.35	6.15
24.33	-81.48
18.19	42.45
22.38	120.17
15.36	32.32
54.2	10.08
51.08	7.35
50.26	30.31
-1.56	30.04
47.3	15.27
51.16	11.05
18	-76.48
13.12	-61.14
-4.18	15.18
49.57	7.24
50.46	12.46
49.12	9.59
47.54	14.07
50.09	11.57
50.49	8.58
48.39	9.27
49.4	8.01
47.3	16.17
35.28	44.26
49.47	7.27
50.46	9.07
0.33	25.14
-0.25	42.31
-0.08	34.47
33.52	130.49
43.27	-80.3
-12.5	28.11
47.27	12.23
49.44	10.1
51.1	12.34
46.37	14.18
46.47	23.37
52.05	8.18
49.47	9.11
50.22	12.28
47.35	8.15
48.18	16.19
47.27	8.35
52.37	11.1
53.58	11.1
47.13	14.49
49.02	8.45
35.58	-83.55
34.4	135.12
50.21	7.36
47.04	15.05
51.01	12.37
47.51	12.04
55.29	9.3
51.11	11.14
50.56	6.57
52.17	13.37
50.05	10.35
51.16	13.54
48.16	10.53
50.39	11.06
52.15	10.49
50.55	14.04
50.11	8.28
50.41	7.11
46.55	7.25
51.4	11.46
47.4	9.11
44.12	28.4
49.42	6.35
55.4	12.35
51.17	8.52
48.21	16.2
48.49	9.07
48.52	9.11
51.11	6.31
50.5	3.17
48.44	21.15
6.07	102.15
51.45	11.58
47.56	12.33
22.2	114.15
49.08	8.43
50.05	19.55
53.39	12.16
50.51	11.12
49.23	9.38
51.2	6.34
52.46	13.02
53.5	9.29
48.25	15.36
47.39	9.11
50.58	7.59
47.02	8.17
58.08	8.01
50.14	11.19
50.11	8.3
45.39	25.35
54.04	11.48
51.56	11.18
48.24	12.06
3.01	101.42
5.2	103.07
47.35	12.1
54.09	11.45
53.12	50.09
50.06	11.27
49.4	9.31
6.45	-1.35
49.17	9.41
62.54	27.4
50.08	11.35
48.5	8.15
49.33	7.24
47.19	8.35
47.05	8.26
29.2	47.59
35.07	126.52
50.02	6.35
35.02	135.45
52.57	12.24
15.45	-86.45
47.08	6.51
8.51	-79.46
43.48	-91.15
47.04	7.06
-16.3	-68.09
-44.55	-71.5
18.27	-68.57
46.4	6.31
46.27	6.52
46.37	7.04
48.43	16.23
53.56	12.21
52.19	9.46
11.19	-12.17
49.29	8.36
-6.45	147
52.17	8.39
6.26	3.32
50.18	7.37
31.34	74.22
48.21	7.52
61	25.4
48.3	9.41
49.22	8.04
49.36	8.28
40.02	-76.18
46.12	6.08
48.41	12.41
49.12	8.07
47.08	10.34
51.31	12.1
48.03	10.52
48.32	12.09
49.25	7.34
51.56	10.2
50	8.4
52.32	7.28
47.4	7.48
49.15	9.51
51.22	7.42
51.32	10.19
48.28	15.4
50.11	9.02
47.13	7.47
49.3	10.48
50.4	10.59
42.44	-84.33
27.3	-99.3
39.38	22.25
32.19	-106.47
28.06	-15.24
-34.42	-56.14
36.1	-115.09
53.57	13.51
35.31	35.47
50.22	8.26
51.13	11.41
51.3	13.48
48.52	10.15
49.34	9.42
53.22	10.34
49.31	11.17
47.57	12.56
47.25	7.3
47.34	8.03
47.34	8.03
49.04	9.09
48.34	10.26
46.54	7.15
48.14	9.53
46.32	6.4
50.28	11.1
50.4	13.09
50.34	12.44
51.14	8.55
49.39	7.36
48.42	9.53
38.58	-95.14
42.42	-71.1
49.3	0.06
47.03	7.04
47.04	6.45
49.24	6.55
52.25	14.32
53.5	-1.35
53.14	7.26
50.28	11.27
52.22	9.58
46.47	15.33
51.07	7.01
49.21	8.41
51.23	10.2
48.42	9.09
48.26	10.12
51.18	12.2
51.1	12.55
52.02	8.54
50.43	13.12
50.34	12.22
52.11	7.52
59.55	30.15
51.07	8.04
47.23	8.11
53.05	11.29
46.56	13.37
21.07	-101.4
48.48	9.01
48.16	14.15
50.33	8.22
51.19	12.01
50.33	11.27
50.2	10.1
47.5	10.01
51.01	6.59
44.06	-70.13
38.03	-84.3
29.4	91.05
50.48	15.05
0.3	9.25
50.31	8.5
48.44	8.01
51.37	8.54
48.09	10.53
50.09	11.04
51.09	8.46
47.2	9.05
50.59	13.13
51.29	9.17
52.52	13.24
51.59	14.18
50.52	13.52
46.5	12.46
47.23	14.56
47.28	7.44
47.34	14.14
48.01	15.38
-13.58	33.49
-12.03	-77.03
34.4	33.03
50.52	12.45
50.23	8.03
52.4	-8.38
10	-83.01
40.49	-96.42
48.47	13.18
52.02	12.06
5.59	-58.19
50.31	8.39
47.36	9.54
49.41	8.47
51.01	7.22
52.06	14.18
52.31	7.19
58.25	15.35
50.59	6.16
48.18	14.18
50.34	7.17
51.4	8.21
38.43	-9.08
48.56	15.03
47.03	8.15
34.45	-92.17
53.23	-3
46.04	14.3
51.06	14.4
51.38	11.54
50.27	11.39
52.07	12.04
46.1	8.48
51.49	19.28
47.53	8.21
50.5	7.13
52.11	8.4
52.29	7.13
49.2	10.1
53.27	13.23
50.39	8.42
6.08	1.13
51.12	13.18
51.31	0.05
33.46	-118.11
52.44	7.46
48.48	9.41
50.03	7.49
47.37	7.4
49.39	8.34
34.03	-118.14
46.08	8.45
50.56	13.18
38.15	-85.46
42.38	-71.19
49.06	9.23
-8.5	13.15
19.53	102.1
-14.55	13.3
52.18	8.37
51.57	13.54
51.52	13.58
33.35	-101.51
53.52	10.42
51.18	22.31
53.18	11.05
-11.41	27.29
53.27	12.02
52.58	11.09
50.56	11.43
51.51	13.43
52.05	13.1
51.13	7.37
51.46	7.28
48.54	9.11
52.18	13.16
49.29	8.26
53.19	11.3
50.29	11.24
50.38	5.35
46	8.58
50.44	12.45
51.57	9.15
53.15	10.24
51.37	7.31
50.57	12.46
-15.25	28.17
54.18	10.36
46.31	6.42
51.15	12.08
49.36	6.07
47.05	8.16
53.12	13.18
37.25	-79.09
45.45	4.51
47.04	7.18
50.51	5.42
22.12	113.32
-3.2	-79.57
-20.51	33.26
32.5	-83.38
43.04	-89.23
13.05	80.17
40.24	-3.41
50.54	11.26
52.1	11.4
48.17	7.49
47.01	9.32
45.28	9.12
49.42	10.15
48.39	11.47
50.09	8.5
50	8.16
48.34	15.49
-15.4	46.2
3.45	8.48
36.43	-4.25
-7.59	112.45
53.44	12.47
53.27	11.46
42.28	-73.38
4	73.28
55.36	13
12.09	-86.17
26.12	50.38
-3.08	-60.01
53.28	-2.14
42.59	-71.28
21.57	96.04
14.36	120.59
5.03	-75.32
48.06	15.2
48.1	15.15
49.29	8.28
51.35	11.28
-0.59	-80.44
-25.58	32.35
-38	-57.33
10.4	-71.37
10.15	-67.36
13.29	7.1
48.56	9.15
50.49	8.46
48.16	16.54
48.11	14.07
47.46	15.19
50.39	13.1
51.5	9.13
47.43	9.24
48.54	9.04
52.06	13.45
51.17	12.24
50.19	12.19
51.18	12.14
49.39	10.1
49.51	9.36
50.08	12
47.47	10.37
50	12.05
49.4	10.1
51.39	7.05
54.09	12.35
54.21	8.46
10.35	14.2
31.49	-8
51.27	8.51
43.18	5.24
46.06	7.05
-29.19	27.29
36.41	52.39
23.37	58.38
47.44	16.24
48.06	13.09
49	8.48
48.23	15.35
49.12	12.06
50.2	7.13
36.42	67.06
-26.2	31.08
1.04	34.12
-6.1	23.39
51.02	4.29
50.36	6.39
50.38	7.01
3.35	98.39
51.12	8.43
6.15	-74.35
24.3	39.35
50.51	12.28
51.17	6.4
47.42	9.16
47.17	8.38
51.07	7.39
50.33	10.25
49.43	7.4
51.09	13.29
21.27	39.49
33.53	-5.37
-37.5	145
28.05	-80.36
54.05	9.05
48.13	15.19
52.12	8.21
47.25	8.16
50.26	10.19
51.08	9.33
47.59	10.1
35.09	-90.03
50.47	7.09
50.22	7.17
-32.53	-68.49
45.52	8.59
47.57	7.43
52.41	7.19
20.58	-89.37
32.22	-88.42
49.12	10.42
51.22	12
49.27	6.38
51.21	8.17
47.59	9.07
48.11	8.58
51.15	6.58
48.32	9.16
51.03	12.18
32.36	-115.3
19.24	-99.09
53.03	14.14
46.13	6.04
25.47	-80.12
49.4	9
39.31	-84.24
32	-102.05
47.47	11.5
49.42	9.16
43.02	-87.54
48.03	10.29
16.54	-25
52.17	8.55
44.59	-93.16
53.54	27.34
53.3	11.3
48.07	20.47
48.4	14.56
52.16	13.32
49.57	12.14
50.59	12.59
30.42	-88.03
52.08	11.57
49.2	9.21
48.05	16.17
51.27	6.39
2.02	45.21
53.38	10.41
-4.04	39.4
43.44	7.25
51.12	6.26
48.5	10.5
51.05	6.53
32.3	-92.07
6.2	-10.46
50.28	3.58
51.14	7.11
50.26	7.5
43.44	7.25
18.27	-77.56
25.4	-100.19
-34.53	-56.11
32.23	-86.19
46.15	6.57
43.36	3.53
45.3	-73.35
46.26	6.55
48.28	11.56
14.29	-4.1
6.47	79.53
45.55	8.55
50	8.35
46.31	6.3
51.42	9.52
-11.4	43.16
49.21	9.09
55.45	37.35
48.24	9.04
36.21	43.08
46.4	6.48
16.3	97.39
40.55	-73.49
47.17	7.22
51.35	11.5
50.59	13.53
48.57	8.5
51.26	13.13
48.15	12.32
51.13	10.27
50.07	8.5
48.02	8.53
50.32	11.56
14.34	49.07
51.26	6.53
50.23	7.3
47.48	7.38
52.15	14.25
30.1	71.36
48.11	12.34
52.3	14.08
48.08	11.42
50.49	11.56
47.31	7.37
40.11	-85.23
48.14	9.38
50.15	10.11
48.25	9.3
46.53	7.34
52.59	10.05
51.58	7.38
50.15	7.22
50.27	8.47
47.06	14.1
46.42	15.46
46.55	7.29
48.58	9.34
46.56	7.07
47.36	15.41
47.31	7.39
51.16	12.54
-2.31	32.56
50.37	12.16
49.27	12.11
-14.33	40.4
32.48	129.55
48.33	8.43
35.08	136.53
21.1	79.12
50.19	11.42
-1.17	36.49
31.59	44.19
15	102.06
8.24	99.58
-0.16	36.04
50.28	4.52
32.03	118.47
47.13	-1.33
42.45	-71.28
36.1	-86.47
25.05	-77.21
50.19	7.48
50.12	7.52
31.34	-91.23
10.17	1.29
52.36	12.53
51.15	9.1
51.09	11.49
51.11	12.59
12.1	14.59
-13	28.39
40.5	14.15
51.17	11.34
49.18	8.58
49.24	8.48
49.25	8.5
49.12	9.14
1.24	103.49
51.16	12.48
48.45	10.21
50.55	8.06
51.19	6.17
50.37	12.15
53.34	13.16
54.02	11.4
48.39	8.42
48.44	11.11
28.36	77.12
49.18	9.16
49.09	8.43
47	6.58
47.49	7.34
52.3	6.58
51.17	7.47
49.14	9.19
49.12	9.35
50	6.57
47.51	16.22
48.33	9.22
50.58	14.37
50.31	11.09
47.41	8.37
50.03	8.39
53.49	12.47
50.29	8.26
51.27	6.33
53.52	11.42
48.12	15.54
51.05	11.16
47.57	13.14
49.17	11.28
48.22	12.3
54.04	9.59
49.21	12.23
47.42	8.3
47.43	16.05
49.33	7.04
48.14	12.42
52.56	12.48
51.03	14.32
48.24	10.5
47.56	16.5
51.12	6.41
52.52	12.26
50.27	9.37
49.49	11.5
52.3	9.28
49.35	10.36
48.48	11.46
50.44	11.45
49.44	12.1
49.21	8.08
50.19	11.07
54.06	10.49
50.28	12.2
53.23	11.35
53.22	13.05
48.59	12.12
48.24	10.01
50.26	7.28
41.38	-70.56
41.18	-72.55
29.57	-90.04
40.45	-74
40.44	-74.1
-32.55	151.45
41.29	-71.19
36.59	-76.25
12.15	109.1
43.06	-79.03
13.32	2.05
43.42	7.15
47.07	7.14
50.25	9
50.16	8.5
50.15	8.54
50.42	6.29
54.48	8.5
51.14	9.19
50.49	7.02
49.17	9.37
49.24	9.55
48.33	10.14
51.48	9.07
52.05	12.42
51.5	11.45
52.38	9.13
51.18	14.49
51.5	5.52
35.11	33.23
43.2	21.54
49.12	12.16
53.36	7.12
53.3	8.29
53.42	7.09
53.42	10.01
51.31	10.48
52.26	7.05
48.51	10.3
	
36.51	-76.17
58.35	16.1
51.42	10
54.1	9.52
41.31	-72.05
51.03	13.18
20.54	-17.01
18.09	-15.58
-22.45	-43.28
45.15	19.51
55.02	82.55
-21.09	175.14
49.27	11.04
48.38	9.21
46.23	6.15
7.45	-8.49
37.48	-122.16
48.09	11.53
51.28	6.51
50.43	10.44
48.32	8.05
48.47	10.06
50.47	12.43
49.44	7.46
49.5	9.08
48.5	8.17
47.57	12.56
52.16	9.08
47.3	16.31
49.5	8.45
48.56	9.02
50.05	8.51
50.12	8.35
49.28	12.25
47.17	16.12
50.35	11.09
50.06	7.44
50.26	12.54
47.12	14.16
49.39	10.05
48.04	9.57
52.13	7.11
55.24	10.25
52.52	14.03
46.28	30.44
31.51	-102.22
52.26	10.59
50.52	13.1
51.49	8.09
50.43	12.42
51.21	13.38
59.18	15.05
51.38	7.15
51.58	8.4
50	8
48.57	10.36
50.05	8.46
48.29	7.56
47.19	7.55
8.05	4.11
41.14	-111.58
50.5	10.49
49.12	9.3
35.28	-97.31
50.4	13.2
53.1	8.12
54.18	10.53
51.42	7.24
49.38	17.15
51.21	8.1
51.21	8.3
47.21	7.55
41.16	-95.56
15.37	32.29
55	73.24
46.11	6.06
51.13	2.55
47.26	8.35
48.29	8.1
49.51	8.22
35.45	0.38
18.06	-88.31
51.48	12.24
52.45	13.14
12.32	-70.02
46.43	6.32
50.47	11.31
28.33	-81.23
49.1	10.39
50.21	9.03
51.22	13.47
-17.59	-67.08
34.4	135.3
51.18	13.07
52.02	11.15
44.01	-88.33
45.33	18.41
59.55	10.44
52.16	8.03
52.47	11.46
49.26	9.25
51.04	11.56
47.4	10.12
53.14	8.48
46.57	7.29
51.44	10.11
51.58	10.43
48.43	9.16
49.02	10.42
49.42	8.2
49.5	18.15
49.13	8.43
51.01	14.57
45.25	-75.42
49.3	7.46
53.48	8.54
49.23	7.1
12.22	-1.31
34.41	-1.45
65	25.26
50.57	7.18
48.35	9.27
37.46	-87.07
51.45	-1.15
-6.12	120.27
51.43	8.46
14.09	105.5
-2.59	104.45
38.07	13.22
33.5	-116.33
39.35	2.39
8.57	-79.32
25.01	121.27
-17.32	-149.34
53.04	7.24
48.56	10.58
5.5	-55.13
53.26	11.51
48.52	2.2
49.1	11.43
34.09	-118.09
14.33	121
53.31	13.59
48.35	13.29
40.55	-74.1
38.14	21.44
53.19	10.08
43.18	0.22
50.35	11.59
46.49	6.56
-32.21	-58.05
46.04	18.15
-22.3	-55.44
51.1	12.15
49.45	11.33
52.19	10.14
51.52	14.25
39.56	116.24
50.56	12.43
53.18	14.15
30.25	-87.13
47.45	11.23
53.3	13.05
40.42	-89.36
4.47	-75.46
48.15	14.38
53.04	11.52
58	56.15
-31.56	115.5
31.52	34.55
37.14	-77.24
52.23	8.58
49.33	5.53
48.2	13.47
48.32	11.31
48.26	12.56
48.53	8.42
49.3	12.11
47.55	9.15
48.27	9.14
49.48	8.36
39.57	-75.09
49.14	8.27
11.33	104.55
33.27	-112.04
5.3	100.28
34.13	-92.01
47.22	16.07
53.39	9.48
37.57	23.42
49.12	7.36
50.58	13.56
40.26	-80
42.27	-73.15
-5.15	-80.38
48.47	12.52
53.27	12.16
50.47	10.54
50.3	12.08
51.13	7.53
49.39	12.25
48.43	9.25
54.1	10.25
42.08	24.45
50.23	-4.06
49.45	13.25
42.52	-112.27
48.12	15.12
48.24	13.19
50.31	8.42
-4.46	11.53
50.18	7.19
18.34	73.58
61.28	21.45
47.25	7.05
29.54	-93.56
-33.58	25.36
-20.1	57.3
-9.29	147.08
10.39	-61.31
31.17	32.18
19.38	37.07
-17.45	168.18
52.13	8.56
18.32	-72.2
-0.4	8.5
43.4	-70.15
45.31	-122.41
41.09	-8.37
-8.58	-67.48
6.3	2.47
-1.07	-80.28
15.34	-61.27
52.25	16.53
50.42	11.36
-19.35	-65.45
52.24	13.04
49.46	11.25
41.42	-73.56
48.4	16.38
50.04	14.27
14.55	-23.3
47.31	7.41
54.14	10.17
48.21	14.32
52.32	12.2
53.19	13.52
49.46	11.56
-25.45	28.12
51.4	12.55
51.05	11.57
52.18	8.3
49.49	10.21
46.32	6.35
53.09	12.11
41.5	-71.25
40.14	-111.39
50.13	6.25
19.03	-98.12
28.31	-100.54
38.16	-104.37
15.41	-88.32
19.48	-70.41
-25.32	-54.34
51	6.48
48.42	15.51
46.31	6.39
51.11	14.01
10	-84.5
46.58	13.37
48.27	15.23
35.06	129.03
54.21	13.29
53.15	12.03
49.17	6.53
39.01	125.45
28.05	82.53
52.41	7.57
46.49	-71.13
51.47	11.09
51.23	11.36
14.5	-91.3
14.39	121.02
13.47	109.11
54.01	9.12
-0.13	-78.3
48.51	15.3
34.02	-6.51
-4.13	152.11
50.58	13.38
51.07	13.55
51.06	13.39
51.12	13.45
51.39	12.06
46.48	13.43
51.12	7.21
47.44	8.58
47.23	13.27
51.43	12.18
52.26	8.37
47.37	12.12
35.47	-78.38
32.04	34.48
49.27	7.33
-34.1	-70.45
56.28	10.03
16.47	96.1
50.39	11.33
50.28	7.44
44.05	-103.14
47.03	7.24
35.57	39.03
48.51	8.12
51.11	11.25
52.36	12.2
51.18	6.51
47.26	11.54
53.42	10.46
49.45	9.23
50.01	8.27
50.53	8.55
47.47	9.37
49.23	9.32
33.4	73.08
-8.06	-34.53
51.37	7.12
51.46	6.24
48.58	13.08
47.29	8.26
49.01	12.06
47.26	8.28
50.25	-104.39
51.05	12.27
48.53	10.51
52.28	9.12
53.47	11.03
49.43	8.51
51.15	13.59
50.5	12.4
47.16	8.11
53.31	10.15
53.5	10.29
49.5	8.5
50.34	7.14
50.46	11.13
49.33	6.23
51.11	7.12
48.52	9.17
48.35	8.01
54.18	9.4
46.32	6.35
50.37	8.04
48.46	8.56
39.31	-119.49
54.04	11.33
52.47	9.23
48.45	15.57
48.29	9.13
64.09	-21.57
51.5	8.19
51.5	6.42
48.4	7.55
47.38	8.36
50.38	6.57
51.33	6.36
52.17	7.27
47.28	9.35
47.34	7.48
47.33	7.47
53.06	12.53
48.58	8.18
50.17	7.37
52.45	12.2
24.38	46.43
54.15	12.28
37.32	-77.26
54.12	12.53
47.13	8.42
48.13	13.3
48.21	13.2
47.43	7.38
50.06	9.39
51.18	13.18
51.48	8.26
56.57	24.06
52.11	9.05
-22.54	-43.14
45.54	8.58
-31	-55.5
33.59	-117.22
37.16	-79.57
53.23	12.36
44.01	-92.28
43.1	-77.36
51.03	12.48
41.29	-90.34
49.38	7.5
42.17	-89.06
49.14	7.38
52.19	9.21
50.17	11.04
49.59	8.47
50.32	12.25
50.01	8.5
49.12	12.04
47.03	15.17
46.28	6.2
41.54	12.29
46.42	6.28
50.23	10.33
46.42	6.55
50.43	9.13
50.52	12.11
52.19	9.39
-26.1	27.53
-32.57	-60.4
50.18	8.43
15.18	-61.23
48.17	8.43
47.51	12.08
50.58	8.53
55.39	12.07
50.54	7.12
51.53	12.15
51.18	11.26
51.04	13.11
54.05	12.08
47.14	39.42
53.07	9.24
50.59	9.43
47.56	12.47
51.12	12.24
49.29	11.15
51.2	14.58
49.23	10.13
49.15	11.33
48.28	8.56
48.42	12.02
47.09	14.07
51.55	4.29
49.31	9.58
48.1	8.37
48.52	13.2
49.59	7.55
50.43	11.2
46.37	6.49
50.53	10.22
51.28	13.52
50.24	8.1
43.5	27.59
50	8.26
47.48	16.4
51.29	8.27
46.56	9.01
50.3	11.44
51.16	10.31
47.25	12.51
49.14	7
49.36	6.33
49.19	6.45
52.24	9.16
48.57	9.04
38.35	-121.3
32.18	-9.2
43.26	-83.56
46.1	7.11
29.53	-81.19
43.1	-79.15
47.33	-52.43
39.46	-94.51
38.38	-90.12
44.57	-93.06
27.46	-82.38
45.26	4.23
16.01	-16.3
46.13	7
46.29	6.28
47.22	7.09
46.04	8.55
42.31	-70.53
44.56	-123.02
36.4	-121.39
28.21	82.11
40.45	-111.53
-24.47	-65.25
-31.27	-57.5
-12.59	-38.31
47.48	13.02
52.05	10.2
51.4	8.36
52.51	11.09
29.26	-98.29
34.06	-117.17
7.46	-72.15
32.43	-117.09
37.47	-122.25
9.56	-84.05
37.2	-121.53
-31.32	-68.31
18.49	-71.12
18.28	-66.07
-25.2	-57.32
22.09	-100.59
43.55	12.28
13.28	-88.1
-26.47	-65.15
15.26	-88.01
13.42	-89.12
15.23	44.12
52.47	12.03
51.41	11.34
51.28	11.18
46.38	13.53
51.43	10.31
50.46	7.11
47.46	8.08
47.28	9.24
47.4	9.3
50.09	7.43
50.09	7.44
49.1	7.1
47.21	13.12
48.12	15.38
46.4	14.37
47.41	16.01
46.5	14.24
49.28	7.1
-6.12	39.12
14	-89.31
34.25	-119.42
22.25	-79.58
-17.48	-63.1
-31.35	-60.41
35.41	-105.56
38.26	-122.43
19.3	-70.4
8.08	-80.59
-33.27	-70.4
20	-75.49
18.28	-69.54
-23.32	-46.37
0.12	6.43
43.03	141.21
43.5	18.25
47.03	9.26
9.08	18.22
52.14	9.51
50.41	7.21
54.31	13.39
32.05	-81.06
16.34	104.45
50.43	13.25
47.42	8.38
51.23	11.46
50.24	11.01
48.27	13.26
50.16	11.45
48.04	9.17
48	15.1
50.32	12.55
49.4	10.28
48.22	9.44
42.49	-73.57
54.03	9.29
49.59	11.02
51.53	9.11
49.23	8.22
51.27	12.56
48.32	12.42
48.17	8.21
51.04	14.26
51.24	12.13
51.02	11.49
47.23	13.41
50.53	6.14
50.35	11.49
54.31	9.33
50.34	12.57
50.31	10.45
51.43	13.23
47.24	8.27
50.4	9.34
51.54	8.37
51.15	10.4
50.21	9.31
49.46	10.38
50.43	10.27
51.09	8.18
50.54	12.22
53.02	11.34
49.33	12.01
50.36	12.38
53.07	9.48
48.13	8.45
49	10.07
47.47	7.54
53.51	10.56
52.44	11.35
50.23	12.19
51.41	13.36
47.49	10.54
52.08	10.57
49.31	12.33
50.12	12.06
47.39	7.49
52.08	10.47
48.48	9.32
50.3	9.08
48.14	8.23
51.26	11.4
48.42	15.54
47.17	15.28
49.29	8.4
48.33	11.16
49.21	9.59
52.19	7.14
53.57	12.07
49.2	11.02
48.48	9.47
49.06	9.44
48.11	10.45
49.09	9.03
50.09	8.32
50.56	9.13
49.2	12.07
51.58	11.07
48.03	13.46
50.17	11.37
50.13	11.56
53.3	10.29
50.33	12.47
50.37	9.58
51.29	13.52
47.2	11.42
48.08	16.28
53.04	14.18
49.49	6.45
50.03	10.14
51.17	7.17
53.38	11.23
51.27	7.34
49.23	8.35
47.01	8.39
41.25	-75.4
47.37	-122.2
50.58	14.17
52.06	11.18
52.06	11.18
47.54	13.08
52.31	14.23
52.24	9.36
51.54	10.11
13.28	-6.18
52.19	9.57
50.56	14.37
50.1	12.08
49.52	11.46
50.03	8.59
51.42	7.28
50.32	7.46
-6.58	110.29
46.05	7.09
47.08	8.12
48.19	10.04
51.5	7.5
51.31	14.01
37.34	127
1.23	103.55
32.04	36.06
41.05	23.31
50.11	10.51
36.11	5.24
38.31	-8.54
37.23	-5.59
34.45	10.43
31.14	121.28
25.2	55.26
53.23	-1.3
41.5	123.26
29.38	52.34
42.03	19.01
32.31	-93.45
30.06	31.15
35.15	0.39
51.02	13.19
50.48	7.12
50.52	8.02
46.18	7.32
48.05	9.13
11.28	-9.07
11.18	-5.38
48.16	13.01
49.59	7.31
48.42	9.01
1.17	103.51
48.58	8.34
49.15	8.53
50.33	7.15
46.14	7.21
42.3	-96.24
43.33	-96.44
42	21.29
35.55	14.31
51.35	8.07
42.41	23.19
51.11	7.05
50.46	9.36
47.14	7.31
52.59	9.5
51.09	11.06
51.22	10.52
7.12	100.35
50.21	11.1
51.41	13.39
47.31	10.17
51.04	9.56
50.16	19.07
41.41	-86.15
50.54	-1.23
48.05	8.43
49.1	10.55
51.07	9.4
34.56	-81.57
52.08	8.29
49.2	8.26
46.41	7.41
46.48	13.3
43.31	16.28
47.4	-117.26
51.45	14.2
52.13	9.33
39.48	-89.39
42.06	-72.36
37.13	-93.18
51.21	7.15
34.08	74.36
45.24	-73.34
32.24	-64.42
12.04	-61.44
17.08	-61.5
5.29	-54.03
48.4	16.29
53.36	9.29
50.58	14.02
50.5	9.01
52.19	9.12
50.46	11.05
50.47	10.08
51.59	6.56
51.54	9.39
49.47	9.25
50.51	11.44
47.19	16.17
50.1	11.3
47.14	8.43
41.03	-73.32
42.25	25.37
48	11.21
51.52	11.35
47.53	7.44
50.4	8.43
58.58	5.45
53.39	12.59
47.4	8.59
46.47	7.38
47.43	10.24
47.39	8.51
48.24	15.35
50.26	11.1
50.19	9.28
49.39	8.48
50.42	10.34
52.09	7.21
51.51	9.06
48.58	9.17
52.36	11.51
53.42	11.49
53.25	14.32
48.03	14.25
48.17	14.22
47.43	9.59
48.23	16.13
59.2	18.03
37.57	-121.17
51.34	10.57
50.46	6.14
50.43	12.48
51.03	14.05
52.15	13.56
51.06	11.56
51.27	6.16
54.18	13.06
53.31	13.45
48.35	7.45
46.54	14.2
48.53	12.34
52.35	13.53
51.1	14.27
49.57	7.46
47.44	8.26
49.04	8.28
48.46	9.11
-19.02	-65.17
46.3	-81
	
29.59	32.33
50.36	10.42
52.41	8.48
48.22	8.39
50.08	8.32
49.3	11.45
47.51	7.43
52.07	8.48
37.23	-122.02
-7.14	112.45
-7.32	110.5
47.1	8.06
48.41	9.46
-18.08	178.25
56.51	60.36
-33.53	151.12
52.54	8.5
43.03	-76.09
46.15	20.09
28.22	36.32
38.05	46.18
47.15	-122.26
35.52	128.36
36.2	127.26
14.57	5.19
24.09	120.4
21.15	40.21
23.01	120.14
25.03	121.3
13.35	44.02
-35.28	-71.4
-36.4	-73.1
30.27	-84.17
9.26	0.49
50.48	10.37
27.57	-82.27
61.32	23.45
22.13	-97.51
-5.07	30.5
35.48	-5.5
52.26	11.48
52.33	11.57
50.55	9.42
50.3	11.51
30.48	31
1.3	173
41.2	69.18
49.37	9.39
51.23	12.29
20.55	96.53
50.09	8.09
41.42	44.45
52.13	7.5
47.43	11.46
14.06	-87.13
35.4	51.26
32.05	34.46
52.2	7.54
52.24	13.16
45.45	21.15
33.25	-111.56
53.07	13.3
-38.45	-72.4
47.49	8.4
47.56	15.3
39.28	-87.24
53.24	10.51
53.47	12.34
35.34	-5.22
47.4	9.36
49.13	12.05
51.07	12.01
52.07	13.37
50.23	11.23
51.45	11.03
51	12.53
47.17	8.34
48.17	10.28
50.59	13.35
50.3	10.38
40.38	22.58
14.49	-16.52
27.32	89.45
46.11	6.1
50.41	12.58
46.45	7.37
39.08	117.12
32.32	-117.01
51.34	5.05
16.46	-3.01
41.2	19.5
49.53	12.2
47.54	8.1
48.04	12.46
34.53	-1.21
-18.1	49.23
47.5	7.57
48.15	12.35
35.42	139.46
41.39	-83.33
-23.2	43.41
51.19	6.27
54.19	8.57
39.03	-95.4
51.34	13
53.34	12.47
43.39	-79.23
25.33	-103.26
43.37	1.27
47.23	0.41
49.57	7.07
48.01	16.17
48.21	15.44
48.13	14.14
47.58	12.36
47.53	12.39
52.13	13.12
51.17	12.45
51.08	10.14
46.52	14.28
51.35	9.25
40.13	-74.46
48.57	10.55
50.33	12.18
52.06	12.52
48.08	8.14
54.06	12.46
47.29	14.29
50.41	12.02
49.45	6.38
34.27	35.5
32.54	13.11
50.44	11.51
48.51	10.24
47.25	15
50.49	7.1
63.25	10.25
48.04	8.39
48.02	12.33
42.44	-73.41
48.21	16.02
-8.07	-79.02
8.59	1.11
-19.13	17.42
48.32	9.03
32.13	-110.58
48.2	16.03
36.09	-96
36.48	10.12
45.03	7.4
60.27	22.15
33.12	-87.34
47.59	8.49
52.48	8.39
50.56	6.07
47.46	9.1
51.35	13.18
53.44	14.03
52.58	10.34
53.41	9.4
49.32	10.15
48.42	9.35
-5.09	119.28
47.55	106.53
48.24	10
50.35	9.12
-29.53	31
50.15	10.48
50.36	7.13
51.32	7.41
48.17	11.34
46.41	7.51
59.55	17.38
48.19	14.16
53.52	13.55
50.2	8.32
51.4	9.39
47.2	8.42
43.06	-75.14
52.06	5.07
47.13	8.59
47.26	9.08
50.5	10.01
47.08	9.32
59.36	16.32
48.56	8.58
46.01	6.54
39.28	0.22
10.11	-68
41.39	-4.45
50.24	7.37
35.54	14.32
-33.05	-71.4
49.17	-123.07
60.18	24.57
53.11	9.3
43.12	27.57
52.43	8.17
55.43	9.33
51.2	7.03
49.14	11.41
48.22	12.15
49.05	9.53
51.21	9.28
52.41	13.11
45.27	12.21
19.12	-96.08
52.55	9.14
48.11	9.13
51.52	8.3
46.13	6.05
52.03	8.09
46.17	6.1
46.17	6.1
51.47	14.04
46.27	6.51
22.16	114.13
48.25	-123.22
-4.38	55.28
49.28	12.25
51.57	10.34
17.58	102.36
49.33	8.35
51.15	6.23
41.04	-8.4
46.37	13.51
46.24	6.56
48.04	8.27
47.33	10.38
48.27	12.21
49.37	11.48
49.18	11.57
-33.02	-71.35
39.29	-75.02
52.59	9.36
52.1	8.51
48.01	13.39
51.36	6.41
48.05	7.41
48.46	11.37
49.38	12.2
48.03	8.18
48.17	10.05
48.12	13.52
49.52	10.14
46.4	14.38
47.23	8.42
49.15	6.51
51.24	9.07
39.22	22.57
52.02	6.5
52.02	6.49
49.27	8.1
50.16	9.18
31.33	-97.08
47.14	8.4
49.32	6.53
14.24	33.03
49.15	8.3
53.57	10.13
48.5	9.19
49.18	8.55
48.49	15.17
47.58	14.46
49.51	11.21
50.53	7.37
51.12	9.04
48.38	9.08
49.11	9.39
50.53	12.36
47.23	7.45
49.59	12.04
51.04	13.01
51.09	9.53
47.4	8.1
49.08	11.33
48.13	12.24
49.23	12.42
50	12.18
47.37	8.13
47.07	9.12
49.18	8.39
49.35	9.22
50.16	11.28
47.25	8.35
52.52	9.36
50.54	10.34
51.38	7.24
51.11	10.1
47.14	7.39
47.41	9.5
52.03	11.27
51.3	9.1
53.31	12.41
51.57	7.59
53.48	11.42
52.15	21
51.27	8.22
41.42	-71.27
38.54	-77.01
51.06	6.09
48.04	12.14
49.03	10.36
50.4	10.22
41.33	-73.03
52.15	-7.06
42.3	-92.2
53.35	9.43
52.32	9.44
53.1	7.21
51.09	6.16
51.53	11.1
47.38	7.54
50.46	12.04
49.41	12.09
49.29	9.54
47.35	7.38
48.45	8.52
50.29	8.15
48.37	9.32
47.5	11.09
50.59	11.19
47.48	9.38
49.33	8.4
49.09	9.17
48.49	9.23
50.05	11.14
51.12	14.4
49.02	10.59
51.12	11.58
48.18	10.1
51.11	11.04
50.06	11.52
50.25	7.27
51.31	14.38
49.54	8.36
48.42	14.53
47.13	15.37
-41.28	174.51
48.1	14.02
48.53	9.39
51.34	14.11
48.52	10.43
48.41	9.23
51.37	12.02
51.33	13.02
47.1	9.28
52.01	13.08
51.16	7.46
52.32	7.55
51.09	7.13
48.21	9.54
51.4	7.38
52.38	13.44
51.5	10.47
49.45	9.31
52.04	8.25
48.33	10.41
51.4	6.37
53.17	12.58
54.13	8.55
50.5	6.59
26.43	-80.03
50.34	7.59
54.54	8.18
53.15	7.56
50.54	8.43
51.23	7.24
51.35	11.48
47.28	8.19
47.19	8.47
50.33	8.3
40.04	-80.43
37.41	-97.2
33.55	-98.29
49.19	9.25
47.15	7.39
51.16	11.25
50.57	7.32
	
47.48	16.15
50.02	8.19
48.08	15.08
48.33	9.38
49.18	8.42
47.28	9.03
48.38	8.45
51.5	10.18
50.4	12.37
52.54	8.26
48.06	15.36
53.31	8.08
50.4	12.31
41.15	-75.53
51.38	9.02
12.06	-68.57
37.16	-76.42
51.16	6.33
47.07	7.59
48.11	-103.37
39.45	-75.33
34.14	-77.55
51.03	13.32
53.55	9.23
51.06	14.24
-22.34	17.06
49.48	12.1
49.15	10.49
42.18	-83.01
48.52	9.22
49.53	-97.09
52.4	9.55
36.06	-80.15
51.17	7.18
47.3	8.45
51.07	7.24
50.28	7.48
53.54	11.28
50.47	7.45
51.26	7.2
51.52	12.39
53	11.45
53.31	11.04
51.23	14.15
49.59	6.53
47.39	7.39
53.34	7.47
53.23	13.42
51.2	9.52
43.08	131.54
46.58	7.21
53.28	13.35
48.18	8.13
51.4	12.17
52.1	10.33
51.19	9.1
49.14	10.44
47.55	11.25
48.34	15.17
52.26	10.48
49.35	7.36
54.03	13.46
48.45	44.25
50.39	13.05
47.08	15.34
-17.13	137.57
52.15	11.38
46.56	7.34
51.25	10.22
42.16	-71.48
47.29	12.04
51.5	12.25
49.38	8.22
49.48	9.09
49.03	8.15
49.01	12.24
52.43	14.08
36.45	114.15
51.17	7.03
50.02	12.01
52.26	9.25
51.16	7.11
50.49	6.08
50.28	11.32
49.47	9.56
51.22	12.44
52.55	11.07
54.42	8.34
51.4	6.27
34.16	108.54
46.36	-120.31
3.51	11.31
-1.5	167.1
48.1	15.05
41.04	141.15
53.57	-1.05
39.58	-76.44
41.06	-80.39
24.51	120.03
46.47	6.39
30.35	31.3
45.48	16
51.55	12.47
6.55	122.05
41.39	0.54
53.33	10.55
52.59	13.2
50.01	10.36
51.03	12.09
50.02	7.11
48.21	8.04
47.19	12.47
47.42	7.51
50.39	10.39
47.11	14.45
51.58	12.05
50.39	11.59
53.18	9.17
50.37	11.39
51.22	9.19
52.16	12.17
12.35	-16.2
13.46	8.58
49.27	10.57
48.32	16.45
50.54	14.5
50.39	13.14
47.17	7.56
47.2	8.35
-15.22	35.22
51.38	12.07
52.13	13.27
50.45	13.04
47.1	8.31
50.42	6.39
47.22	8.33
49.15	7.22
51.13	12.19
48.28	14.16
50.44	12.3
49.01	13.14
49.44	8.37
50.38	12.48
